zipcode12,hsanum,hsacity,hsastate,hrrnum,hrrcity,hrrstate
20101,49046,Reston,VA,426,Arlington,VA
20102,49046,Reston,VA,426,Arlington,VA
20103,49046,Reston,VA,426,Arlington,VA
20104,49046,Reston,VA,426,Arlington,VA
20105,49028,Leesburg,VA,426,Arlington,VA
20106,49060,Warrenton,VA,426,Arlington,VA
20108,49033,Manassas,VA,426,Arlington,VA
20109,49033,Manassas,VA,426,Arlington,VA
20110,49033,Manassas,VA,426,Arlington,VA
20111,49033,Manassas,VA,426,Arlington,VA
20112,49033,Manassas,VA,426,Arlington,VA
20113,49033,Manassas,VA,426,Arlington,VA
20115,49060,Warrenton,VA,426,Arlington,VA
20116,49060,Warrenton,VA,426,Arlington,VA
20117,49028,Leesburg,VA,426,Arlington,VA
20118,49028,Leesburg,VA,426,Arlington,VA
20119,49060,Warrenton,VA,426,Arlington,VA
20120,49013,Fairfax,VA,426,Arlington,VA
20121,49013,Fairfax,VA,426,Arlington,VA
20122,49013,Fairfax,VA,426,Arlington,VA
20124,49013,Fairfax,VA,426,Arlington,VA
20128,49060,Warrenton,VA,426,Arlington,VA
20129,49028,Leesburg,VA,426,Arlington,VA
20130,49063,Winchester,VA,435,Winchester,VA
20131,49028,Leesburg,VA,426,Arlington,VA
20132,49028,Leesburg,VA,426,Arlington,VA
20134,49028,Leesburg,VA,426,Arlington,VA
20135,49063,Winchester,VA,435,Winchester,VA
20136,49033,Manassas,VA,426,Arlington,VA
20137,49060,Warrenton,VA,426,Arlington,VA
20138,49060,Warrenton,VA,426,Arlington,VA
20139,49060,Warrenton,VA,426,Arlington,VA
20140,49060,Warrenton,VA,426,Arlington,VA
20141,49028,Leesburg,VA,426,Arlington,VA
20142,49028,Leesburg,VA,426,Arlington,VA
20143,49033,Manassas,VA,426,Arlington,VA
20144,49060,Warrenton,VA,426,Arlington,VA
20146,49046,Reston,VA,426,Arlington,VA
20147,49028,Leesburg,VA,426,Arlington,VA
20148,49028,Leesburg,VA,426,Arlington,VA
20149,49028,Leesburg,VA,426,Arlington,VA
20151,49013,Fairfax,VA,426,Arlington,VA
20152,49013,Fairfax,VA,426,Arlington,VA
20153,49013,Fairfax,VA,426,Arlington,VA
20155,49033,Manassas,VA,426,Arlington,VA
20156,49033,Manassas,VA,426,Arlington,VA
20158,49028,Leesburg,VA,426,Arlington,VA
20159,49028,Leesburg,VA,426,Arlington,VA
20160,49028,Leesburg,VA,426,Arlington,VA
20163,49046,Reston,VA,426,Arlington,VA
20164,49046,Reston,VA,426,Arlington,VA
20165,49028,Leesburg,VA,426,Arlington,VA
20166,49046,Reston,VA,426,Arlington,VA
20167,49046,Reston,VA,426,Arlington,VA
20168,49033,Manassas,VA,426,Arlington,VA
20169,49033,Manassas,VA,426,Arlington,VA
20170,49046,Reston,VA,426,Arlington,VA
20171,49046,Reston,VA,426,Arlington,VA
20172,49046,Reston,VA,426,Arlington,VA
20175,49028,Leesburg,VA,426,Arlington,VA
20176,49028,Leesburg,VA,426,Arlington,VA
20177,49028,Leesburg,VA,426,Arlington,VA
20178,49028,Leesburg,VA,426,Arlington,VA
20180,49028,Leesburg,VA,426,Arlington,VA
20181,49033,Manassas,VA,426,Arlington,VA
20182,49033,Manassas,VA,426,Arlington,VA
20184,49063,Winchester,VA,435,Winchester,VA
20185,49063,Winchester,VA,435,Winchester,VA
20186,49060,Warrenton,VA,426,Arlington,VA
20187,49060,Warrenton,VA,426,Arlington,VA
20188,49060,Warrenton,VA,426,Arlington,VA
20190,49046,Reston,VA,426,Arlington,VA
20191,49046,Reston,VA,426,Arlington,VA
20192,49046,Reston,VA,426,Arlington,VA
20194,49046,Reston,VA,426,Arlington,VA
20195,49046,Reston,VA,426,Arlington,VA
20197,49028,Leesburg,VA,426,Arlington,VA
20198,49060,Warrenton,VA,426,Arlington,VA
20330,49003,Arlington,VA,426,Arlington,VA
20625,49057,Tappahannock,VA,431,Richmond,VA
22003,49014,Falls Church,VA,426,Arlington,VA
22009,49014,Falls Church,VA,426,Arlington,VA
22015,49014,Falls Church,VA,426,Arlington,VA
22025,49065,Woodbridge,VA,426,Arlington,VA
22026,49065,Woodbridge,VA,426,Arlington,VA
22027,49014,Falls Church,VA,426,Arlington,VA
22030,49014,Falls Church,VA,426,Arlington,VA
22031,49014,Falls Church,VA,426,Arlington,VA
22032,49014,Falls Church,VA,426,Arlington,VA
22033,49013,Fairfax,VA,426,Arlington,VA
22034,49014,Falls Church,VA,426,Arlington,VA
22035,49013,Fairfax,VA,426,Arlington,VA
22036,49014,Falls Church,VA,426,Arlington,VA
22037,49014,Falls Church,VA,426,Arlington,VA
22038,49014,Falls Church,VA,426,Arlington,VA
22039,49014,Falls Church,VA,426,Arlington,VA
22040,49014,Falls Church,VA,426,Arlington,VA
22041,49003,Arlington,VA,426,Arlington,VA
22042,49014,Falls Church,VA,426,Arlington,VA
22043,49014,Falls Church,VA,426,Arlington,VA
22044,49003,Arlington,VA,426,Arlington,VA
22046,49014,Falls Church,VA,426,Arlington,VA
22060,49002,Alexandria,VA,426,Arlington,VA
22066,49046,Reston,VA,426,Arlington,VA
22067,49014,Falls Church,VA,426,Arlington,VA
22079,49002,Alexandria,VA,426,Arlington,VA
22081,49014,Falls Church,VA,426,Arlington,VA
22082,49014,Falls Church,VA,426,Arlington,VA
22101,49014,Falls Church,VA,426,Arlington,VA
22102,49014,Falls Church,VA,426,Arlington,VA
22103,49014,Falls Church,VA,426,Arlington,VA
22106,49014,Falls Church,VA,426,Arlington,VA
22107,49014,Falls Church,VA,426,Arlington,VA
22108,49014,Falls Church,VA,426,Arlington,VA
22109,49014,Falls Church,VA,426,Arlington,VA
22116,49014,Falls Church,VA,426,Arlington,VA
22118,49014,Falls Church,VA,426,Arlington,VA
22119,49014,Falls Church,VA,426,Arlington,VA
22121,49002,Alexandria,VA,426,Arlington,VA
22122,49002,Alexandria,VA,426,Arlington,VA
22124,49014,Falls Church,VA,426,Arlington,VA
22125,49065,Woodbridge,VA,426,Arlington,VA
22134,49065,Woodbridge,VA,426,Arlington,VA
22135,49065,Woodbridge,VA,426,Arlington,VA
22150,49014,Falls Church,VA,426,Arlington,VA
22151,49014,Falls Church,VA,426,Arlington,VA
22152,49014,Falls Church,VA,426,Arlington,VA
22153,49014,Falls Church,VA,426,Arlington,VA
22158,49014,Falls Church,VA,426,Arlington,VA
22159,49014,Falls Church,VA,426,Arlington,VA
22160,49014,Falls Church,VA,426,Arlington,VA
22161,49014,Falls Church,VA,426,Arlington,VA
22172,49065,Woodbridge,VA,426,Arlington,VA
22180,49014,Falls Church,VA,426,Arlington,VA
22181,49014,Falls Church,VA,426,Arlington,VA
22182,49014,Falls Church,VA,426,Arlington,VA
22183,49014,Falls Church,VA,426,Arlington,VA
22185,49014,Falls Church,VA,426,Arlington,VA
22191,49065,Woodbridge,VA,426,Arlington,VA
22192,49065,Woodbridge,VA,426,Arlington,VA
22193,49065,Woodbridge,VA,426,Arlington,VA
22194,49065,Woodbridge,VA,426,Arlington,VA
22195,49065,Woodbridge,VA,426,Arlington,VA
22199,49002,Alexandria,VA,426,Arlington,VA
22201,49003,Arlington,VA,426,Arlington,VA
22202,49003,Arlington,VA,426,Arlington,VA
22203,49003,Arlington,VA,426,Arlington,VA
22204,49003,Arlington,VA,426,Arlington,VA
22205,49003,Arlington,VA,426,Arlington,VA
22206,49003,Arlington,VA,426,Arlington,VA
22207,49003,Arlington,VA,426,Arlington,VA
22209,49003,Arlington,VA,426,Arlington,VA
22210,49003,Arlington,VA,426,Arlington,VA
22211,49003,Arlington,VA,426,Arlington,VA
22212,49003,Arlington,VA,426,Arlington,VA
22213,49003,Arlington,VA,426,Arlington,VA
22214,49003,Arlington,VA,426,Arlington,VA
22215,49003,Arlington,VA,426,Arlington,VA
22216,49003,Arlington,VA,426,Arlington,VA
22217,49003,Arlington,VA,426,Arlington,VA
22219,49003,Arlington,VA,426,Arlington,VA
22225,49003,Arlington,VA,426,Arlington,VA
22226,49003,Arlington,VA,426,Arlington,VA
22227,49003,Arlington,VA,426,Arlington,VA
22230,49003,Arlington,VA,426,Arlington,VA
22240,49003,Arlington,VA,426,Arlington,VA
22241,49003,Arlington,VA,426,Arlington,VA
22242,49003,Arlington,VA,426,Arlington,VA
22243,49003,Arlington,VA,426,Arlington,VA
22244,49003,Arlington,VA,426,Arlington,VA
22245,49003,Arlington,VA,426,Arlington,VA
22301,49002,Alexandria,VA,426,Arlington,VA
22302,49002,Alexandria,VA,426,Arlington,VA
22303,49002,Alexandria,VA,426,Arlington,VA
22304,49002,Alexandria,VA,426,Arlington,VA
22305,49002,Alexandria,VA,426,Arlington,VA
22306,49002,Alexandria,VA,426,Arlington,VA
22307,49002,Alexandria,VA,426,Arlington,VA
22308,49002,Alexandria,VA,426,Arlington,VA
22309,49002,Alexandria,VA,426,Arlington,VA
22310,49002,Alexandria,VA,426,Arlington,VA
22311,49002,Alexandria,VA,426,Arlington,VA
22312,49014,Falls Church,VA,426,Arlington,VA
22313,49002,Alexandria,VA,426,Arlington,VA
22314,49002,Alexandria,VA,426,Arlington,VA
22315,49002,Alexandria,VA,426,Arlington,VA
22320,49002,Alexandria,VA,426,Arlington,VA
22331,49002,Alexandria,VA,426,Arlington,VA
22332,49002,Alexandria,VA,426,Arlington,VA
22333,49002,Alexandria,VA,426,Arlington,VA
22334,49002,Alexandria,VA,426,Arlington,VA
22350,49002,Alexandria,VA,426,Arlington,VA
22401,49017,Fredericksburg,VA,431,Richmond,VA
22402,49017,Fredericksburg,VA,431,Richmond,VA
22403,49017,Fredericksburg,VA,431,Richmond,VA
22404,49017,Fredericksburg,VA,431,Richmond,VA
22405,49017,Fredericksburg,VA,431,Richmond,VA
22406,49017,Fredericksburg,VA,431,Richmond,VA
22407,49017,Fredericksburg,VA,431,Richmond,VA
22408,49017,Fredericksburg,VA,431,Richmond,VA
22412,49017,Fredericksburg,VA,431,Richmond,VA
22427,49048,Richmond,VA,431,Richmond,VA
22428,49017,Fredericksburg,VA,431,Richmond,VA
22430,49017,Fredericksburg,VA,431,Richmond,VA
22432,49026,Kilmarnock,VA,431,Richmond,VA
22433,49010,Culpeper,VA,427,Charlottesville,VA
22435,49057,Tappahannock,VA,431,Richmond,VA
22436,49048,Richmond,VA,431,Richmond,VA
22437,49048,Richmond,VA,431,Richmond,VA
22438,49048,Richmond,VA,431,Richmond,VA
22442,49057,Tappahannock,VA,431,Richmond,VA
22443,49017,Fredericksburg,VA,431,Richmond,VA
22446,49017,Fredericksburg,VA,431,Richmond,VA
22448,49017,Fredericksburg,VA,431,Richmond,VA
22451,49017,Fredericksburg,VA,431,Richmond,VA
22454,49057,Tappahannock,VA,431,Richmond,VA
22456,49026,Kilmarnock,VA,431,Richmond,VA
22460,49026,Kilmarnock,VA,431,Richmond,VA
22463,49017,Fredericksburg,VA,431,Richmond,VA
22469,49057,Tappahannock,VA,431,Richmond,VA
22471,49017,Fredericksburg,VA,431,Richmond,VA
22472,49057,Tappahannock,VA,431,Richmond,VA
22473,49026,Kilmarnock,VA,431,Richmond,VA
22476,49048,Richmond,VA,431,Richmond,VA
22480,49026,Kilmarnock,VA,431,Richmond,VA
22481,49017,Fredericksburg,VA,431,Richmond,VA
22482,49026,Kilmarnock,VA,431,Richmond,VA
22485,49017,Fredericksburg,VA,431,Richmond,VA
22488,49057,Tappahannock,VA,431,Richmond,VA
22501,49048,Richmond,VA,431,Richmond,VA
22503,49026,Kilmarnock,VA,431,Richmond,VA
22504,49048,Richmond,VA,431,Richmond,VA
22507,49026,Kilmarnock,VA,431,Richmond,VA
22508,49017,Fredericksburg,VA,431,Richmond,VA
22509,49017,Fredericksburg,VA,431,Richmond,VA
22511,49026,Kilmarnock,VA,431,Richmond,VA
22513,49026,Kilmarnock,VA,431,Richmond,VA
22514,49048,Richmond,VA,431,Richmond,VA
22517,49026,Kilmarnock,VA,431,Richmond,VA
22520,49057,Tappahannock,VA,431,Richmond,VA
22523,49026,Kilmarnock,VA,431,Richmond,VA
22524,49057,Tappahannock,VA,431,Richmond,VA
22526,49017,Fredericksburg,VA,431,Richmond,VA
22528,49026,Kilmarnock,VA,431,Richmond,VA
22529,49057,Tappahannock,VA,431,Richmond,VA
22530,49026,Kilmarnock,VA,431,Richmond,VA
22534,49017,Fredericksburg,VA,431,Richmond,VA
22535,49017,Fredericksburg,VA,431,Richmond,VA
22538,49017,Fredericksburg,VA,431,Richmond,VA
22539,49026,Kilmarnock,VA,431,Richmond,VA
22542,49010,Culpeper,VA,427,Charlottesville,VA
22544,49017,Fredericksburg,VA,431,Richmond,VA
22545,49017,Fredericksburg,VA,431,Richmond,VA
22546,49048,Richmond,VA,431,Richmond,VA
22547,49017,Fredericksburg,VA,431,Richmond,VA
22548,49057,Tappahannock,VA,431,Richmond,VA
22551,49017,Fredericksburg,VA,431,Richmond,VA
22552,49048,Richmond,VA,431,Richmond,VA
22553,49017,Fredericksburg,VA,431,Richmond,VA
22554,49017,Fredericksburg,VA,431,Richmond,VA
22555,49017,Fredericksburg,VA,431,Richmond,VA
22556,49017,Fredericksburg,VA,431,Richmond,VA
22558,49057,Tappahannock,VA,431,Richmond,VA
22560,49057,Tappahannock,VA,431,Richmond,VA
22565,49017,Fredericksburg,VA,431,Richmond,VA
22567,49007,Charlottesville,VA,427,Charlottesville,VA
22570,49057,Tappahannock,VA,431,Richmond,VA
22572,49057,Tappahannock,VA,431,Richmond,VA
22576,49026,Kilmarnock,VA,431,Richmond,VA
22577,49057,Tappahannock,VA,431,Richmond,VA
22578,49026,Kilmarnock,VA,431,Richmond,VA
22579,49026,Kilmarnock,VA,431,Richmond,VA
22580,49017,Fredericksburg,VA,431,Richmond,VA
22581,49057,Tappahannock,VA,431,Richmond,VA
22601,49063,Winchester,VA,435,Winchester,VA
22602,49063,Winchester,VA,435,Winchester,VA
22603,49063,Winchester,VA,435,Winchester,VA
22604,49063,Winchester,VA,435,Winchester,VA
22610,49018,Front Royal,VA,435,Winchester,VA
22611,49063,Winchester,VA,435,Winchester,VA
22620,49063,Winchester,VA,435,Winchester,VA
22622,49063,Winchester,VA,435,Winchester,VA
22623,49018,Front Royal,VA,435,Winchester,VA
22624,49063,Winchester,VA,435,Winchester,VA
22625,49063,Winchester,VA,435,Winchester,VA
22626,49066,Woodstock,VA,435,Winchester,VA
22627,49060,Warrenton,VA,426,Arlington,VA
22630,49018,Front Royal,VA,435,Winchester,VA
22637,49063,Winchester,VA,435,Winchester,VA
22639,49060,Warrenton,VA,426,Arlington,VA
22640,49018,Front Royal,VA,435,Winchester,VA
22641,49063,Winchester,VA,435,Winchester,VA
22642,49018,Front Royal,VA,435,Winchester,VA
22643,49018,Front Royal,VA,435,Winchester,VA
22644,49066,Woodstock,VA,435,Winchester,VA
22645,49063,Winchester,VA,435,Winchester,VA
22646,49063,Winchester,VA,435,Winchester,VA
22649,49018,Front Royal,VA,435,Winchester,VA
22650,49031,Luray,VA,435,Winchester,VA
22652,49066,Woodstock,VA,435,Winchester,VA
22654,49063,Winchester,VA,435,Winchester,VA
22655,49063,Winchester,VA,435,Winchester,VA
22656,49063,Winchester,VA,435,Winchester,VA
22657,49063,Winchester,VA,435,Winchester,VA
22660,49066,Woodstock,VA,435,Winchester,VA
22663,49063,Winchester,VA,435,Winchester,VA
22664,49066,Woodstock,VA,435,Winchester,VA
22701,49010,Culpeper,VA,427,Charlottesville,VA
22709,49007,Charlottesville,VA,427,Charlottesville,VA
22711,49007,Charlottesville,VA,427,Charlottesville,VA
22712,49060,Warrenton,VA,426,Arlington,VA
22713,49010,Culpeper,VA,427,Charlottesville,VA
22714,49010,Culpeper,VA,427,Charlottesville,VA
22715,49007,Charlottesville,VA,427,Charlottesville,VA
22716,49060,Warrenton,VA,426,Arlington,VA
22718,49010,Culpeper,VA,427,Charlottesville,VA
22719,49007,Charlottesville,VA,427,Charlottesville,VA
22720,49017,Fredericksburg,VA,431,Richmond,VA
22722,49010,Culpeper,VA,427,Charlottesville,VA
22723,49007,Charlottesville,VA,427,Charlottesville,VA
22724,49060,Warrenton,VA,426,Arlington,VA
22725,49010,Culpeper,VA,427,Charlottesville,VA
22726,49010,Culpeper,VA,427,Charlottesville,VA
22727,49007,Charlottesville,VA,427,Charlottesville,VA
22728,49060,Warrenton,VA,426,Arlington,VA
22729,49007,Charlottesville,VA,427,Charlottesville,VA
22730,49010,Culpeper,VA,427,Charlottesville,VA
22731,49007,Charlottesville,VA,427,Charlottesville,VA
22732,49007,Charlottesville,VA,427,Charlottesville,VA
22733,49007,Charlottesville,VA,427,Charlottesville,VA
22734,49060,Warrenton,VA,426,Arlington,VA
22735,49010,Culpeper,VA,427,Charlottesville,VA
22736,49010,Culpeper,VA,427,Charlottesville,VA
22737,49010,Culpeper,VA,427,Charlottesville,VA
22738,49007,Charlottesville,VA,427,Charlottesville,VA
22739,49017,Fredericksburg,VA,431,Richmond,VA
22740,49010,Culpeper,VA,427,Charlottesville,VA
22741,49010,Culpeper,VA,427,Charlottesville,VA
22742,49060,Warrenton,VA,426,Arlington,VA
22743,49007,Charlottesville,VA,427,Charlottesville,VA
22747,49060,Warrenton,VA,426,Arlington,VA
22748,49007,Charlottesville,VA,427,Charlottesville,VA
22749,49010,Culpeper,VA,427,Charlottesville,VA
22801,49023,Harrisonburg,VA,427,Charlottesville,VA
22802,49023,Harrisonburg,VA,427,Charlottesville,VA
22803,49023,Harrisonburg,VA,427,Charlottesville,VA
22807,49023,Harrisonburg,VA,427,Charlottesville,VA
22810,49066,Woodstock,VA,435,Winchester,VA
22811,49023,Harrisonburg,VA,427,Charlottesville,VA
22812,49023,Harrisonburg,VA,427,Charlottesville,VA
22815,49023,Harrisonburg,VA,427,Charlottesville,VA
22820,49023,Harrisonburg,VA,427,Charlottesville,VA
22821,49023,Harrisonburg,VA,427,Charlottesville,VA
22824,49066,Woodstock,VA,435,Winchester,VA
22827,49023,Harrisonburg,VA,427,Charlottesville,VA
22830,49023,Harrisonburg,VA,427,Charlottesville,VA
22831,49023,Harrisonburg,VA,427,Charlottesville,VA
22832,49023,Harrisonburg,VA,427,Charlottesville,VA
22833,49023,Harrisonburg,VA,427,Charlottesville,VA
22834,49023,Harrisonburg,VA,427,Charlottesville,VA
22835,49031,Luray,VA,435,Winchester,VA
22840,49023,Harrisonburg,VA,427,Charlottesville,VA
22841,49023,Harrisonburg,VA,427,Charlottesville,VA
22842,49066,Woodstock,VA,435,Winchester,VA
22843,49023,Harrisonburg,VA,427,Charlottesville,VA
22844,49023,Harrisonburg,VA,427,Charlottesville,VA
22845,49066,Woodstock,VA,435,Winchester,VA
22846,49023,Harrisonburg,VA,427,Charlottesville,VA
22847,49023,Harrisonburg,VA,427,Charlottesville,VA
22848,49023,Harrisonburg,VA,427,Charlottesville,VA
22849,49023,Harrisonburg,VA,427,Charlottesville,VA
22850,49023,Harrisonburg,VA,427,Charlottesville,VA
22851,49031,Luray,VA,435,Winchester,VA
22853,49023,Harrisonburg,VA,427,Charlottesville,VA
22901,49007,Charlottesville,VA,427,Charlottesville,VA
22902,49007,Charlottesville,VA,427,Charlottesville,VA
22903,49007,Charlottesville,VA,427,Charlottesville,VA
22904,49007,Charlottesville,VA,427,Charlottesville,VA
22905,49007,Charlottesville,VA,427,Charlottesville,VA
22906,49007,Charlottesville,VA,427,Charlottesville,VA
22907,49007,Charlottesville,VA,427,Charlottesville,VA
22908,49007,Charlottesville,VA,427,Charlottesville,VA
22909,49007,Charlottesville,VA,427,Charlottesville,VA
22910,49007,Charlottesville,VA,427,Charlottesville,VA
22911,49007,Charlottesville,VA,427,Charlottesville,VA
22920,49007,Charlottesville,VA,427,Charlottesville,VA
22922,49032,Lynchburg,VA,428,Lynchburg,VA
22923,49007,Charlottesville,VA,427,Charlottesville,VA
22924,49007,Charlottesville,VA,427,Charlottesville,VA
22931,49007,Charlottesville,VA,427,Charlottesville,VA
22932,49007,Charlottesville,VA,427,Charlottesville,VA
22935,49007,Charlottesville,VA,427,Charlottesville,VA
22936,49007,Charlottesville,VA,427,Charlottesville,VA
22937,49007,Charlottesville,VA,427,Charlottesville,VA
22938,49007,Charlottesville,VA,427,Charlottesville,VA
22939,49054,Staunton,VA,427,Charlottesville,VA
22940,49007,Charlottesville,VA,427,Charlottesville,VA
22942,49007,Charlottesville,VA,427,Charlottesville,VA
22943,49007,Charlottesville,VA,427,Charlottesville,VA
22945,49007,Charlottesville,VA,427,Charlottesville,VA
22946,49007,Charlottesville,VA,427,Charlottesville,VA
22947,49007,Charlottesville,VA,427,Charlottesville,VA
22948,49007,Charlottesville,VA,427,Charlottesville,VA
22949,49007,Charlottesville,VA,427,Charlottesville,VA
22952,49054,Staunton,VA,427,Charlottesville,VA
22957,49007,Charlottesville,VA,427,Charlottesville,VA
22958,49032,Lynchburg,VA,428,Lynchburg,VA
22959,49007,Charlottesville,VA,427,Charlottesville,VA
22960,49007,Charlottesville,VA,427,Charlottesville,VA
22963,49007,Charlottesville,VA,427,Charlottesville,VA
22964,49032,Lynchburg,VA,428,Lynchburg,VA
22965,49007,Charlottesville,VA,427,Charlottesville,VA
22967,49032,Lynchburg,VA,428,Lynchburg,VA
22968,49007,Charlottesville,VA,427,Charlottesville,VA
22969,49007,Charlottesville,VA,427,Charlottesville,VA
22971,49007,Charlottesville,VA,427,Charlottesville,VA
22972,49007,Charlottesville,VA,427,Charlottesville,VA
22973,49007,Charlottesville,VA,427,Charlottesville,VA
22974,49007,Charlottesville,VA,427,Charlottesville,VA
22976,49054,Staunton,VA,427,Charlottesville,VA
22980,49054,Staunton,VA,427,Charlottesville,VA
22987,49007,Charlottesville,VA,427,Charlottesville,VA
22989,49007,Charlottesville,VA,427,Charlottesville,VA
23001,49020,Gloucester,VA,429,Newport News,VA
23002,49048,Richmond,VA,431,Richmond,VA
23003,49020,Gloucester,VA,429,Newport News,VA
23004,49007,Charlottesville,VA,427,Charlottesville,VA
23005,49048,Richmond,VA,431,Richmond,VA
23009,49048,Richmond,VA,431,Richmond,VA
23011,49062,Williamsburg,VA,429,Newport News,VA
23014,49048,Richmond,VA,431,Richmond,VA
23015,49048,Richmond,VA,431,Richmond,VA
23018,49020,Gloucester,VA,429,Newport News,VA
23021,49020,Gloucester,VA,429,Newport News,VA
23022,49007,Charlottesville,VA,427,Charlottesville,VA
23023,49057,Tappahannock,VA,431,Richmond,VA
23024,49048,Richmond,VA,431,Richmond,VA
23025,49020,Gloucester,VA,429,Newport News,VA
23027,49048,Richmond,VA,431,Richmond,VA
23030,49048,Richmond,VA,431,Richmond,VA
23031,49020,Gloucester,VA,429,Newport News,VA
23032,49020,Gloucester,VA,429,Newport News,VA
23035,49020,Gloucester,VA,429,Newport News,VA
23038,49048,Richmond,VA,431,Richmond,VA
23039,49048,Richmond,VA,431,Richmond,VA
23040,49048,Richmond,VA,431,Richmond,VA
23043,49026,Kilmarnock,VA,431,Richmond,VA
23045,49020,Gloucester,VA,429,Newport News,VA
23047,49048,Richmond,VA,431,Richmond,VA
23050,49020,Gloucester,VA,429,Newport News,VA
23055,49007,Charlottesville,VA,427,Charlottesville,VA
23056,49020,Gloucester,VA,429,Newport News,VA
23058,49048,Richmond,VA,431,Richmond,VA
23059,49048,Richmond,VA,431,Richmond,VA
23060,49048,Richmond,VA,431,Richmond,VA
23061,49020,Gloucester,VA,429,Newport News,VA
23062,49037,Newport News,VA,429,Newport News,VA
23063,49048,Richmond,VA,431,Richmond,VA
23064,49020,Gloucester,VA,429,Newport News,VA
23065,49048,Richmond,VA,431,Richmond,VA
23066,49020,Gloucester,VA,429,Newport News,VA
23067,49048,Richmond,VA,431,Richmond,VA
23068,49020,Gloucester,VA,429,Newport News,VA
23069,49048,Richmond,VA,431,Richmond,VA
23070,49026,Kilmarnock,VA,431,Richmond,VA
23071,49026,Kilmarnock,VA,431,Richmond,VA
23072,49020,Gloucester,VA,429,Newport News,VA
23075,49048,Richmond,VA,431,Richmond,VA
23076,49020,Gloucester,VA,429,Newport News,VA
23079,49020,Gloucester,VA,429,Newport News,VA
23081,49062,Williamsburg,VA,429,Newport News,VA
23083,49048,Richmond,VA,431,Richmond,VA
23084,49007,Charlottesville,VA,427,Charlottesville,VA
23085,49048,Richmond,VA,431,Richmond,VA
23086,49048,Richmond,VA,431,Richmond,VA
23089,49062,Williamsburg,VA,429,Newport News,VA
23090,49062,Williamsburg,VA,429,Newport News,VA
23091,49020,Gloucester,VA,429,Newport News,VA
23092,49026,Kilmarnock,VA,431,Richmond,VA
23093,49007,Charlottesville,VA,427,Charlottesville,VA
23102,49048,Richmond,VA,431,Richmond,VA
23103,49048,Richmond,VA,431,Richmond,VA
23105,49048,Richmond,VA,431,Richmond,VA
23106,49048,Richmond,VA,431,Richmond,VA
23107,49020,Gloucester,VA,429,Newport News,VA
23108,49020,Gloucester,VA,429,Newport News,VA
23109,49020,Gloucester,VA,429,Newport News,VA
23110,49020,Gloucester,VA,429,Newport News,VA
23111,49048,Richmond,VA,431,Richmond,VA
23112,49048,Richmond,VA,431,Richmond,VA
23113,49048,Richmond,VA,431,Richmond,VA
23114,49048,Richmond,VA,431,Richmond,VA
23115,49057,Tappahannock,VA,431,Richmond,VA
23116,49048,Richmond,VA,431,Richmond,VA
23117,49048,Richmond,VA,431,Richmond,VA
23119,49020,Gloucester,VA,429,Newport News,VA
23120,49048,Richmond,VA,431,Richmond,VA
23123,49007,Charlottesville,VA,427,Charlottesville,VA
23124,49048,Richmond,VA,431,Richmond,VA
23125,49020,Gloucester,VA,429,Newport News,VA
23126,49048,Richmond,VA,431,Richmond,VA
23127,49062,Williamsburg,VA,429,Newport News,VA
23128,49020,Gloucester,VA,429,Newport News,VA
23129,49048,Richmond,VA,431,Richmond,VA
23130,49020,Gloucester,VA,429,Newport News,VA
23131,49020,Gloucester,VA,429,Newport News,VA
23138,49020,Gloucester,VA,429,Newport News,VA
23139,49048,Richmond,VA,431,Richmond,VA
23140,49048,Richmond,VA,431,Richmond,VA
23141,49048,Richmond,VA,431,Richmond,VA
23146,49048,Richmond,VA,431,Richmond,VA
23147,49048,Richmond,VA,431,Richmond,VA
23148,49048,Richmond,VA,431,Richmond,VA
23149,49020,Gloucester,VA,429,Newport News,VA
23150,49048,Richmond,VA,431,Richmond,VA
23153,49048,Richmond,VA,431,Richmond,VA
23154,49020,Gloucester,VA,429,Newport News,VA
23155,49020,Gloucester,VA,429,Newport News,VA
23156,49020,Gloucester,VA,429,Newport News,VA
23160,49048,Richmond,VA,431,Richmond,VA
23161,49048,Richmond,VA,431,Richmond,VA
23162,49048,Richmond,VA,431,Richmond,VA
23163,49020,Gloucester,VA,429,Newport News,VA
23168,49062,Williamsburg,VA,429,Newport News,VA
23169,49026,Kilmarnock,VA,431,Richmond,VA
23170,49007,Charlottesville,VA,427,Charlottesville,VA
23173,49048,Richmond,VA,431,Richmond,VA
23175,49020,Gloucester,VA,429,Newport News,VA
23176,49026,Kilmarnock,VA,431,Richmond,VA
23177,49048,Richmond,VA,431,Richmond,VA
23178,49020,Gloucester,VA,429,Newport News,VA
23180,49020,Gloucester,VA,429,Newport News,VA
23181,49048,Richmond,VA,431,Richmond,VA
23183,49020,Gloucester,VA,429,Newport News,VA
23184,49020,Gloucester,VA,429,Newport News,VA
23185,49062,Williamsburg,VA,429,Newport News,VA
23186,49062,Williamsburg,VA,429,Newport News,VA
23187,49062,Williamsburg,VA,429,Newport News,VA
23188,49062,Williamsburg,VA,429,Newport News,VA
23190,49020,Gloucester,VA,429,Newport News,VA
23192,49048,Richmond,VA,431,Richmond,VA
23218,49048,Richmond,VA,431,Richmond,VA
23219,49048,Richmond,VA,431,Richmond,VA
23220,49048,Richmond,VA,431,Richmond,VA
23221,49048,Richmond,VA,431,Richmond,VA
23222,49048,Richmond,VA,431,Richmond,VA
23223,49048,Richmond,VA,431,Richmond,VA
23224,49048,Richmond,VA,431,Richmond,VA
23225,49048,Richmond,VA,431,Richmond,VA
23226,49048,Richmond,VA,431,Richmond,VA
23227,49048,Richmond,VA,431,Richmond,VA
23228,49048,Richmond,VA,431,Richmond,VA
23229,49048,Richmond,VA,431,Richmond,VA
23230,49048,Richmond,VA,431,Richmond,VA
23231,49048,Richmond,VA,431,Richmond,VA
23232,49048,Richmond,VA,431,Richmond,VA
23233,49048,Richmond,VA,431,Richmond,VA
23234,49048,Richmond,VA,431,Richmond,VA
23235,49048,Richmond,VA,431,Richmond,VA
23236,49048,Richmond,VA,431,Richmond,VA
23237,49048,Richmond,VA,431,Richmond,VA
23238,49048,Richmond,VA,431,Richmond,VA
23241,49048,Richmond,VA,431,Richmond,VA
23242,49048,Richmond,VA,431,Richmond,VA
23249,49048,Richmond,VA,431,Richmond,VA
23250,49048,Richmond,VA,431,Richmond,VA
23255,49048,Richmond,VA,431,Richmond,VA
23260,49048,Richmond,VA,431,Richmond,VA
23261,49048,Richmond,VA,431,Richmond,VA
23269,49048,Richmond,VA,431,Richmond,VA
23273,49048,Richmond,VA,431,Richmond,VA
23274,49048,Richmond,VA,431,Richmond,VA
23276,49048,Richmond,VA,431,Richmond,VA
23278,49048,Richmond,VA,431,Richmond,VA
23279,49048,Richmond,VA,431,Richmond,VA
23282,49048,Richmond,VA,431,Richmond,VA
23284,49048,Richmond,VA,431,Richmond,VA
23285,49048,Richmond,VA,431,Richmond,VA
23286,49048,Richmond,VA,431,Richmond,VA
23288,49048,Richmond,VA,431,Richmond,VA
23289,49048,Richmond,VA,431,Richmond,VA
23290,49048,Richmond,VA,431,Richmond,VA
23291,49048,Richmond,VA,431,Richmond,VA
23292,49048,Richmond,VA,431,Richmond,VA
23293,49048,Richmond,VA,431,Richmond,VA
23294,49048,Richmond,VA,431,Richmond,VA
23295,49048,Richmond,VA,431,Richmond,VA
23297,49048,Richmond,VA,431,Richmond,VA
23298,49048,Richmond,VA,431,Richmond,VA
23301,49036,Nassawadox,VA,430,Norfolk,VA
23304,49037,Newport News,VA,429,Newport News,VA
23306,49036,Nassawadox,VA,430,Norfolk,VA
23307,49036,Nassawadox,VA,430,Norfolk,VA
23308,49036,Nassawadox,VA,430,Norfolk,VA
23310,49036,Nassawadox,VA,430,Norfolk,VA
23313,49036,Nassawadox,VA,430,Norfolk,VA
23314,49037,Newport News,VA,429,Newport News,VA
23315,49016,Franklin,VA,430,Norfolk,VA
23316,49036,Nassawadox,VA,430,Norfolk,VA
23320,49008,Chesapeake,VA,430,Norfolk,VA
23321,49043,Portsmouth,VA,430,Norfolk,VA
23322,49008,Chesapeake,VA,430,Norfolk,VA
23323,49043,Portsmouth,VA,430,Norfolk,VA
23324,49008,Chesapeake,VA,430,Norfolk,VA
23325,49008,Chesapeake,VA,430,Norfolk,VA
23326,49008,Chesapeake,VA,430,Norfolk,VA
23327,49008,Chesapeake,VA,430,Norfolk,VA
23328,49008,Chesapeake,VA,430,Norfolk,VA
23341,49036,Nassawadox,VA,430,Norfolk,VA
23345,49036,Nassawadox,VA,430,Norfolk,VA
23347,49036,Nassawadox,VA,430,Norfolk,VA
23350,49036,Nassawadox,VA,430,Norfolk,VA
23354,49036,Nassawadox,VA,430,Norfolk,VA
23357,49036,Nassawadox,VA,430,Norfolk,VA
23358,49036,Nassawadox,VA,430,Norfolk,VA
23389,49036,Nassawadox,VA,430,Norfolk,VA
23397,49056,Suffolk,VA,430,Norfolk,VA
23398,49036,Nassawadox,VA,430,Norfolk,VA
23399,49036,Nassawadox,VA,430,Norfolk,VA
23401,49036,Nassawadox,VA,430,Norfolk,VA
23404,49036,Nassawadox,VA,430,Norfolk,VA
23405,49036,Nassawadox,VA,430,Norfolk,VA
23408,49036,Nassawadox,VA,430,Norfolk,VA
23409,49036,Nassawadox,VA,430,Norfolk,VA
23410,49036,Nassawadox,VA,430,Norfolk,VA
23412,49036,Nassawadox,VA,430,Norfolk,VA
23413,49036,Nassawadox,VA,430,Norfolk,VA
23414,49036,Nassawadox,VA,430,Norfolk,VA
23417,49036,Nassawadox,VA,430,Norfolk,VA
23418,49036,Nassawadox,VA,430,Norfolk,VA
23419,49036,Nassawadox,VA,430,Norfolk,VA
23420,49036,Nassawadox,VA,430,Norfolk,VA
23421,49036,Nassawadox,VA,430,Norfolk,VA
23422,49036,Nassawadox,VA,430,Norfolk,VA
23423,49036,Nassawadox,VA,430,Norfolk,VA
23424,49037,Newport News,VA,429,Newport News,VA
23429,49036,Nassawadox,VA,430,Norfolk,VA
23430,49037,Newport News,VA,429,Newport News,VA
23431,49037,Newport News,VA,429,Newport News,VA
23432,49056,Suffolk,VA,430,Norfolk,VA
23433,49043,Portsmouth,VA,430,Norfolk,VA
23434,49056,Suffolk,VA,430,Norfolk,VA
23435,49043,Portsmouth,VA,430,Norfolk,VA
23436,49056,Suffolk,VA,430,Norfolk,VA
23437,49056,Suffolk,VA,430,Norfolk,VA
23438,49056,Suffolk,VA,430,Norfolk,VA
23439,49056,Suffolk,VA,430,Norfolk,VA
23441,49036,Nassawadox,VA,430,Norfolk,VA
23443,49036,Nassawadox,VA,430,Norfolk,VA
23450,49059,Virginia Beach,VA,430,Norfolk,VA
23451,49059,Virginia Beach,VA,430,Norfolk,VA
23452,49059,Virginia Beach,VA,430,Norfolk,VA
23453,49059,Virginia Beach,VA,430,Norfolk,VA
23454,49059,Virginia Beach,VA,430,Norfolk,VA
23455,49059,Virginia Beach,VA,430,Norfolk,VA
23456,49059,Virginia Beach,VA,430,Norfolk,VA
23457,49059,Virginia Beach,VA,430,Norfolk,VA
23458,49059,Virginia Beach,VA,430,Norfolk,VA
23459,49059,Virginia Beach,VA,430,Norfolk,VA
23460,49059,Virginia Beach,VA,430,Norfolk,VA
23461,49059,Virginia Beach,VA,430,Norfolk,VA
23462,49038,Norfolk,VA,430,Norfolk,VA
23463,49038,Norfolk,VA,430,Norfolk,VA
23464,49038,Norfolk,VA,430,Norfolk,VA
23465,49038,Norfolk,VA,430,Norfolk,VA
23466,49038,Norfolk,VA,430,Norfolk,VA
23467,49038,Norfolk,VA,430,Norfolk,VA
23471,49059,Virginia Beach,VA,430,Norfolk,VA
23479,49059,Virginia Beach,VA,430,Norfolk,VA
23480,49036,Nassawadox,VA,430,Norfolk,VA
23482,49036,Nassawadox,VA,430,Norfolk,VA
23486,49036,Nassawadox,VA,430,Norfolk,VA
23487,49056,Suffolk,VA,430,Norfolk,VA
23501,49038,Norfolk,VA,430,Norfolk,VA
23502,49038,Norfolk,VA,430,Norfolk,VA
23503,49038,Norfolk,VA,430,Norfolk,VA
23504,49038,Norfolk,VA,430,Norfolk,VA
23505,49038,Norfolk,VA,430,Norfolk,VA
23506,49038,Norfolk,VA,430,Norfolk,VA
23507,49038,Norfolk,VA,430,Norfolk,VA
23508,49038,Norfolk,VA,430,Norfolk,VA
23509,49038,Norfolk,VA,430,Norfolk,VA
23510,49038,Norfolk,VA,430,Norfolk,VA
23511,49038,Norfolk,VA,430,Norfolk,VA
23513,49038,Norfolk,VA,430,Norfolk,VA
23514,49038,Norfolk,VA,430,Norfolk,VA
23515,49038,Norfolk,VA,430,Norfolk,VA
23517,49038,Norfolk,VA,430,Norfolk,VA
23518,49038,Norfolk,VA,430,Norfolk,VA
23519,49038,Norfolk,VA,430,Norfolk,VA
23523,49038,Norfolk,VA,430,Norfolk,VA
23529,49038,Norfolk,VA,430,Norfolk,VA
23541,49038,Norfolk,VA,430,Norfolk,VA
23551,49038,Norfolk,VA,430,Norfolk,VA
23601,49037,Newport News,VA,429,Newport News,VA
23602,49037,Newport News,VA,429,Newport News,VA
23603,49037,Newport News,VA,429,Newport News,VA
23604,49037,Newport News,VA,429,Newport News,VA
23605,49037,Newport News,VA,429,Newport News,VA
23606,49037,Newport News,VA,429,Newport News,VA
23607,49037,Newport News,VA,429,Newport News,VA
23608,49037,Newport News,VA,429,Newport News,VA
23609,49037,Newport News,VA,429,Newport News,VA
23612,49037,Newport News,VA,429,Newport News,VA
23628,49037,Newport News,VA,429,Newport News,VA
23630,49022,Hampton,VA,429,Newport News,VA
23651,49022,Hampton,VA,429,Newport News,VA
23661,49022,Hampton,VA,429,Newport News,VA
23662,49037,Newport News,VA,429,Newport News,VA
23663,49022,Hampton,VA,429,Newport News,VA
23664,49022,Hampton,VA,429,Newport News,VA
23665,49037,Newport News,VA,429,Newport News,VA
23666,49037,Newport News,VA,429,Newport News,VA
23667,49022,Hampton,VA,429,Newport News,VA
23668,49022,Hampton,VA,429,Newport News,VA
23669,49022,Hampton,VA,429,Newport News,VA
23670,49022,Hampton,VA,429,Newport News,VA
23681,49037,Newport News,VA,429,Newport News,VA
23690,49037,Newport News,VA,429,Newport News,VA
23691,49037,Newport News,VA,429,Newport News,VA
23692,49037,Newport News,VA,429,Newport News,VA
23693,49037,Newport News,VA,429,Newport News,VA
23694,49037,Newport News,VA,429,Newport News,VA
23696,49037,Newport News,VA,429,Newport News,VA
23701,49043,Portsmouth,VA,430,Norfolk,VA
23702,49043,Portsmouth,VA,430,Norfolk,VA
23703,49043,Portsmouth,VA,430,Norfolk,VA
23704,49043,Portsmouth,VA,430,Norfolk,VA
23705,49043,Portsmouth,VA,430,Norfolk,VA
23707,49043,Portsmouth,VA,430,Norfolk,VA
23708,49043,Portsmouth,VA,430,Norfolk,VA
23709,49043,Portsmouth,VA,430,Norfolk,VA
23801,49042,Petersburg,VA,431,Richmond,VA
23803,49042,Petersburg,VA,431,Richmond,VA
23804,49042,Petersburg,VA,431,Richmond,VA
23805,49042,Petersburg,VA,431,Richmond,VA
23806,49042,Petersburg,VA,431,Richmond,VA
23821,49053,South Hill,VA,431,Richmond,VA
23822,49042,Petersburg,VA,431,Richmond,VA
23824,49048,Richmond,VA,431,Richmond,VA
23827,49016,Franklin,VA,430,Norfolk,VA
23828,49016,Franklin,VA,430,Norfolk,VA
23829,49016,Franklin,VA,430,Norfolk,VA
23830,49042,Petersburg,VA,431,Richmond,VA
23831,49048,Richmond,VA,431,Richmond,VA
23832,49048,Richmond,VA,431,Richmond,VA
23833,49042,Petersburg,VA,431,Richmond,VA
23834,49042,Petersburg,VA,431,Richmond,VA
23836,49048,Richmond,VA,431,Richmond,VA
23837,49016,Franklin,VA,430,Norfolk,VA
23838,49048,Richmond,VA,431,Richmond,VA
23839,49056,Suffolk,VA,430,Norfolk,VA
23840,49042,Petersburg,VA,431,Richmond,VA
23841,49042,Petersburg,VA,431,Richmond,VA
23842,49042,Petersburg,VA,431,Richmond,VA
23843,49053,South Hill,VA,431,Richmond,VA
23844,49012,Emporia,VA,431,Richmond,VA
23845,49053,South Hill,VA,431,Richmond,VA
23846,49037,Newport News,VA,429,Newport News,VA
23847,49012,Emporia,VA,431,Richmond,VA
23850,49042,Petersburg,VA,431,Richmond,VA
23851,49016,Franklin,VA,430,Norfolk,VA
23856,49012,Emporia,VA,431,Richmond,VA
23857,49048,Richmond,VA,431,Richmond,VA
23860,49024,Hopewell,VA,431,Richmond,VA
23866,49056,Suffolk,VA,430,Norfolk,VA
23867,49012,Emporia,VA,431,Richmond,VA
23868,49012,Emporia,VA,431,Richmond,VA
23870,49012,Emporia,VA,431,Richmond,VA
23872,49042,Petersburg,VA,431,Richmond,VA
23873,49053,South Hill,VA,431,Richmond,VA
23874,49016,Franklin,VA,430,Norfolk,VA
23875,49024,Hopewell,VA,431,Richmond,VA
23876,49053,South Hill,VA,431,Richmond,VA
23878,49016,Franklin,VA,430,Norfolk,VA
23879,49012,Emporia,VA,431,Richmond,VA
23881,49042,Petersburg,VA,431,Richmond,VA
23882,49012,Emporia,VA,431,Richmond,VA
23883,49037,Newport News,VA,429,Newport News,VA
23884,49042,Petersburg,VA,431,Richmond,VA
23885,49042,Petersburg,VA,431,Richmond,VA
23887,49012,Emporia,VA,431,Richmond,VA
23888,49056,Suffolk,VA,430,Norfolk,VA
23889,49053,South Hill,VA,431,Richmond,VA
23890,49042,Petersburg,VA,431,Richmond,VA
23891,49042,Petersburg,VA,431,Richmond,VA
23893,49053,South Hill,VA,431,Richmond,VA
23894,49048,Richmond,VA,431,Richmond,VA
23897,49012,Emporia,VA,431,Richmond,VA
23898,49056,Suffolk,VA,430,Norfolk,VA
23899,49042,Petersburg,VA,431,Richmond,VA
23901,49015,Farmville,VA,431,Richmond,VA
23909,49015,Farmville,VA,431,Richmond,VA
23915,49053,South Hill,VA,431,Richmond,VA
23917,49053,South Hill,VA,431,Richmond,VA
23919,49053,South Hill,VA,431,Richmond,VA
23920,49053,South Hill,VA,431,Richmond,VA
23921,49007,Charlottesville,VA,427,Charlottesville,VA
23922,49048,Richmond,VA,431,Richmond,VA
23923,49015,Farmville,VA,431,Richmond,VA
23924,49052,South Boston,VA,312,Durham,NC
23927,49052,South Boston,VA,312,Durham,NC
23930,49048,Richmond,VA,431,Richmond,VA
23934,49015,Farmville,VA,431,Richmond,VA
23936,49048,Richmond,VA,431,Richmond,VA
23937,49052,South Boston,VA,312,Durham,NC
23938,49053,South Hill,VA,431,Richmond,VA
23939,49032,Lynchburg,VA,428,Lynchburg,VA
23941,49052,South Boston,VA,312,Durham,NC
23942,49015,Farmville,VA,431,Richmond,VA
23943,49015,Farmville,VA,431,Richmond,VA
23944,49053,South Hill,VA,431,Richmond,VA
23947,49015,Farmville,VA,431,Richmond,VA
23950,49053,South Hill,VA,431,Richmond,VA
23952,49053,South Hill,VA,431,Richmond,VA
23954,49015,Farmville,VA,431,Richmond,VA
23955,49048,Richmond,VA,431,Richmond,VA
23958,49032,Lynchburg,VA,428,Lynchburg,VA
23959,49032,Lynchburg,VA,428,Lynchburg,VA
23960,49015,Farmville,VA,431,Richmond,VA
23962,49052,South Boston,VA,312,Durham,NC
23963,49032,Lynchburg,VA,428,Lynchburg,VA
23964,49052,South Boston,VA,312,Durham,NC
23966,49015,Farmville,VA,431,Richmond,VA
23967,49052,South Boston,VA,312,Durham,NC
23968,49052,South Boston,VA,312,Durham,NC
23970,49053,South Hill,VA,431,Richmond,VA
23974,49048,Richmond,VA,431,Richmond,VA
23976,49052,South Boston,VA,312,Durham,NC
24001,49049,Roanoke,VA,432,Roanoke,VA
24002,49049,Roanoke,VA,432,Roanoke,VA
24003,49049,Roanoke,VA,432,Roanoke,VA
24004,49049,Roanoke,VA,432,Roanoke,VA
24005,49049,Roanoke,VA,432,Roanoke,VA
24006,49049,Roanoke,VA,432,Roanoke,VA
24007,49049,Roanoke,VA,432,Roanoke,VA
24008,49049,Roanoke,VA,432,Roanoke,VA
24009,49049,Roanoke,VA,432,Roanoke,VA
24010,49049,Roanoke,VA,432,Roanoke,VA
24011,49049,Roanoke,VA,432,Roanoke,VA
24012,49049,Roanoke,VA,432,Roanoke,VA
24013,49049,Roanoke,VA,432,Roanoke,VA
24014,49049,Roanoke,VA,432,Roanoke,VA
24015,49049,Roanoke,VA,432,Roanoke,VA
24016,49049,Roanoke,VA,432,Roanoke,VA
24017,49049,Roanoke,VA,432,Roanoke,VA
24018,49049,Roanoke,VA,432,Roanoke,VA
24019,49049,Roanoke,VA,432,Roanoke,VA
24020,49049,Roanoke,VA,432,Roanoke,VA
24022,49049,Roanoke,VA,432,Roanoke,VA
24023,49049,Roanoke,VA,432,Roanoke,VA
24024,49049,Roanoke,VA,432,Roanoke,VA
24025,49049,Roanoke,VA,432,Roanoke,VA
24026,49049,Roanoke,VA,432,Roanoke,VA
24027,49049,Roanoke,VA,432,Roanoke,VA
24028,49049,Roanoke,VA,432,Roanoke,VA
24029,49049,Roanoke,VA,432,Roanoke,VA
24030,49049,Roanoke,VA,432,Roanoke,VA
24031,49049,Roanoke,VA,432,Roanoke,VA
24032,49049,Roanoke,VA,432,Roanoke,VA
24033,49049,Roanoke,VA,432,Roanoke,VA
24034,49049,Roanoke,VA,432,Roanoke,VA
24035,49049,Roanoke,VA,432,Roanoke,VA
24036,49049,Roanoke,VA,432,Roanoke,VA
24037,49049,Roanoke,VA,432,Roanoke,VA
24038,49049,Roanoke,VA,432,Roanoke,VA
24040,49049,Roanoke,VA,432,Roanoke,VA
24042,49049,Roanoke,VA,432,Roanoke,VA
24043,49049,Roanoke,VA,432,Roanoke,VA
24050,49049,Roanoke,VA,432,Roanoke,VA
24054,49035,Martinsville,VA,312,Durham,NC
24055,49035,Martinsville,VA,312,Durham,NC
24058,49045,Radford,VA,432,Roanoke,VA
24059,49051,Salem,VA,432,Roanoke,VA
24060,49006,Blacksburg,VA,432,Roanoke,VA
24061,49006,Blacksburg,VA,432,Roanoke,VA
24062,49006,Blacksburg,VA,432,Roanoke,VA
24063,49006,Blacksburg,VA,432,Roanoke,VA
24064,49049,Roanoke,VA,432,Roanoke,VA
24065,49049,Roanoke,VA,432,Roanoke,VA
24066,49049,Roanoke,VA,432,Roanoke,VA
24067,49049,Roanoke,VA,432,Roanoke,VA
24068,49006,Blacksburg,VA,432,Roanoke,VA
24069,49011,Danville,VA,312,Durham,NC
24070,49051,Salem,VA,432,Roanoke,VA
24072,49051,Salem,VA,432,Roanoke,VA
24073,49006,Blacksburg,VA,432,Roanoke,VA
24077,49049,Roanoke,VA,432,Roanoke,VA
24078,49035,Martinsville,VA,312,Durham,NC
24079,49051,Salem,VA,432,Roanoke,VA
24082,49055,Stuart,VA,320,Winston-Salem,NC
24083,49049,Roanoke,VA,432,Roanoke,VA
24084,49044,Pulaski,VA,432,Roanoke,VA
24085,49030,Low Moor,VA,432,Roanoke,VA
24086,49040,Pearisburg,VA,432,Roanoke,VA
24087,49051,Salem,VA,432,Roanoke,VA
24088,49050,Rocky Mount,VA,432,Roanoke,VA
24089,49035,Martinsville,VA,312,Durham,NC
24090,49049,Roanoke,VA,432,Roanoke,VA
24091,49049,Roanoke,VA,432,Roanoke,VA
24092,49050,Rocky Mount,VA,432,Roanoke,VA
24093,49040,Pearisburg,VA,432,Roanoke,VA
24095,49049,Roanoke,VA,432,Roanoke,VA
24101,49049,Roanoke,VA,432,Roanoke,VA
24102,49050,Rocky Mount,VA,432,Roanoke,VA
24104,49032,Lynchburg,VA,428,Lynchburg,VA
24105,49045,Radford,VA,432,Roanoke,VA
24111,49006,Blacksburg,VA,432,Roanoke,VA
24112,49035,Martinsville,VA,312,Durham,NC
24113,49035,Martinsville,VA,312,Durham,NC
24114,49035,Martinsville,VA,312,Durham,NC
24115,49035,Martinsville,VA,312,Durham,NC
24120,49055,Stuart,VA,320,Winston-Salem,NC
24121,49049,Roanoke,VA,432,Roanoke,VA
24122,49049,Roanoke,VA,432,Roanoke,VA
24124,49040,Pearisburg,VA,432,Roanoke,VA
24126,49045,Radford,VA,432,Roanoke,VA
24127,49051,Salem,VA,432,Roanoke,VA
24128,49006,Blacksburg,VA,432,Roanoke,VA
24129,49045,Radford,VA,432,Roanoke,VA
24130,49030,Low Moor,VA,432,Roanoke,VA
24131,49051,Salem,VA,432,Roanoke,VA
24132,49045,Radford,VA,432,Roanoke,VA
24133,49055,Stuart,VA,320,Winston-Salem,NC
24134,49040,Pearisburg,VA,432,Roanoke,VA
24136,49040,Pearisburg,VA,432,Roanoke,VA
24137,49049,Roanoke,VA,432,Roanoke,VA
24138,49006,Blacksburg,VA,432,Roanoke,VA
24139,49032,Lynchburg,VA,428,Lynchburg,VA
24141,49045,Radford,VA,432,Roanoke,VA
24142,49045,Radford,VA,432,Roanoke,VA
24143,49045,Radford,VA,432,Roanoke,VA
24146,49050,Rocky Mount,VA,432,Roanoke,VA
24147,49040,Pearisburg,VA,432,Roanoke,VA
24148,49035,Martinsville,VA,312,Durham,NC
24149,49045,Radford,VA,432,Roanoke,VA
24150,49040,Pearisburg,VA,432,Roanoke,VA
24151,49050,Rocky Mount,VA,432,Roanoke,VA
24153,49051,Salem,VA,432,Roanoke,VA
24155,49051,Salem,VA,432,Roanoke,VA
24157,49051,Salem,VA,432,Roanoke,VA
24161,49011,Danville,VA,312,Durham,NC
24162,49051,Salem,VA,432,Roanoke,VA
24165,49035,Martinsville,VA,312,Durham,NC
24167,49040,Pearisburg,VA,432,Roanoke,VA
24168,49035,Martinsville,VA,312,Durham,NC
24171,49055,Stuart,VA,320,Winston-Salem,NC
24174,49004,Bedford,VA,428,Lynchburg,VA
24175,49049,Roanoke,VA,432,Roanoke,VA
24176,49049,Roanoke,VA,432,Roanoke,VA
24177,49055,Stuart,VA,320,Winston-Salem,NC
24178,49049,Roanoke,VA,432,Roanoke,VA
24179,49049,Roanoke,VA,432,Roanoke,VA
24184,49049,Roanoke,VA,432,Roanoke,VA
24185,49055,Stuart,VA,320,Winston-Salem,NC
24202,49001,Abingdon,VA,376,Kingsport,TN
24210,49001,Abingdon,VA,376,Kingsport,TN
24211,49001,Abingdon,VA,376,Kingsport,TN
24212,49001,Abingdon,VA,376,Kingsport,TN
24215,49005,Big Stone Gap,VA,376,Kingsport,TN
24216,49005,Big Stone Gap,VA,376,Kingsport,TN
24217,49027,Lebanon,VA,376,Kingsport,TN
24218,49041,Pennington Gap,VA,376,Kingsport,TN
24219,49005,Big Stone Gap,VA,376,Kingsport,TN
24220,49009,Clintwood,VA,376,Kingsport,TN
24224,49027,Lebanon,VA,376,Kingsport,TN
24225,49027,Lebanon,VA,376,Kingsport,TN
24226,49009,Clintwood,VA,376,Kingsport,TN
24228,49009,Clintwood,VA,376,Kingsport,TN
24230,49039,Norton,VA,376,Kingsport,TN
24236,49001,Abingdon,VA,376,Kingsport,TN
24237,49027,Lebanon,VA,376,Kingsport,TN
24239,49021,Grundy,VA,376,Kingsport,TN
24243,49041,Pennington Gap,VA,376,Kingsport,TN
24245,49039,Norton,VA,376,Kingsport,TN
24246,49005,Big Stone Gap,VA,376,Kingsport,TN
24256,49009,Clintwood,VA,376,Kingsport,TN
24260,49027,Lebanon,VA,376,Kingsport,TN
24263,49041,Pennington Gap,VA,376,Kingsport,TN
24265,49005,Big Stone Gap,VA,376,Kingsport,TN
24266,49027,Lebanon,VA,376,Kingsport,TN
24269,49009,Clintwood,VA,376,Kingsport,TN
24272,49027,Lebanon,VA,376,Kingsport,TN
24273,49039,Norton,VA,376,Kingsport,TN
24277,49041,Pennington Gap,VA,376,Kingsport,TN
24279,49039,Norton,VA,376,Kingsport,TN
24280,49027,Lebanon,VA,376,Kingsport,TN
24281,49041,Pennington Gap,VA,376,Kingsport,TN
24282,49041,Pennington Gap,VA,376,Kingsport,TN
24283,49027,Lebanon,VA,376,Kingsport,TN
24292,49001,Abingdon,VA,376,Kingsport,TN
24293,49039,Norton,VA,376,Kingsport,TN
24301,49044,Pulaski,VA,432,Roanoke,VA
24311,49034,Marion,VA,376,Kingsport,TN
24312,49067,Wytheville,VA,432,Roanoke,VA
24313,49044,Pulaski,VA,432,Roanoke,VA
24315,49067,Wytheville,VA,432,Roanoke,VA
24316,49034,Marion,VA,376,Kingsport,TN
24318,49067,Wytheville,VA,432,Roanoke,VA
24319,49034,Marion,VA,376,Kingsport,TN
24322,49067,Wytheville,VA,432,Roanoke,VA
24323,49067,Wytheville,VA,432,Roanoke,VA
24324,49044,Pulaski,VA,432,Roanoke,VA
24325,49019,Galax,VA,320,Winston-Salem,NC
24326,49019,Galax,VA,320,Winston-Salem,NC
24327,49001,Abingdon,VA,376,Kingsport,TN
24328,49019,Galax,VA,320,Winston-Salem,NC
24330,49019,Galax,VA,320,Winston-Salem,NC
24333,49019,Galax,VA,320,Winston-Salem,NC
24340,49001,Abingdon,VA,376,Kingsport,TN
24343,49019,Galax,VA,320,Winston-Salem,NC
24347,49044,Pulaski,VA,432,Roanoke,VA
24348,49019,Galax,VA,320,Winston-Salem,NC
24350,49067,Wytheville,VA,432,Roanoke,VA
24351,49019,Galax,VA,320,Winston-Salem,NC
24352,49019,Galax,VA,320,Winston-Salem,NC
24354,49034,Marion,VA,376,Kingsport,TN
24360,49067,Wytheville,VA,432,Roanoke,VA
24361,49001,Abingdon,VA,376,Kingsport,TN
24363,49019,Galax,VA,320,Winston-Salem,NC
24366,49040,Pearisburg,VA,432,Roanoke,VA
24368,49067,Wytheville,VA,432,Roanoke,VA
24370,49034,Marion,VA,376,Kingsport,TN
24374,49067,Wytheville,VA,432,Roanoke,VA
24375,49034,Marion,VA,376,Kingsport,TN
24377,49058,Tazewell,VA,432,Roanoke,VA
24378,49034,Marion,VA,376,Kingsport,TN
24380,49045,Radford,VA,432,Roanoke,VA
24381,49019,Galax,VA,320,Winston-Salem,NC
24382,49067,Wytheville,VA,432,Roanoke,VA
24401,49054,Staunton,VA,427,Charlottesville,VA
24402,49054,Staunton,VA,427,Charlottesville,VA
24411,49054,Staunton,VA,427,Charlottesville,VA
24412,49025,Hot Springs,VA,427,Charlottesville,VA
24413,49023,Harrisonburg,VA,427,Charlottesville,VA
24415,49054,Staunton,VA,427,Charlottesville,VA
24416,49029,Lexington,VA,432,Roanoke,VA
24421,49054,Staunton,VA,427,Charlottesville,VA
24422,49030,Low Moor,VA,432,Roanoke,VA
24426,49030,Low Moor,VA,432,Roanoke,VA
24430,49054,Staunton,VA,427,Charlottesville,VA
24431,49054,Staunton,VA,427,Charlottesville,VA
24432,49054,Staunton,VA,427,Charlottesville,VA
24433,49054,Staunton,VA,427,Charlottesville,VA
24435,49029,Lexington,VA,432,Roanoke,VA
24437,49054,Staunton,VA,427,Charlottesville,VA
24438,49030,Low Moor,VA,432,Roanoke,VA
24439,49054,Staunton,VA,427,Charlottesville,VA
24440,49054,Staunton,VA,427,Charlottesville,VA
24441,49023,Harrisonburg,VA,427,Charlottesville,VA
24442,49054,Staunton,VA,427,Charlottesville,VA
24445,49025,Hot Springs,VA,427,Charlottesville,VA
24448,49030,Low Moor,VA,432,Roanoke,VA
24450,49029,Lexington,VA,432,Roanoke,VA
24457,49030,Low Moor,VA,432,Roanoke,VA
24458,49054,Staunton,VA,427,Charlottesville,VA
24459,49054,Staunton,VA,427,Charlottesville,VA
24460,49025,Hot Springs,VA,427,Charlottesville,VA
24463,49054,Staunton,VA,427,Charlottesville,VA
24464,49054,Staunton,VA,427,Charlottesville,VA
24465,49025,Hot Springs,VA,427,Charlottesville,VA
24467,49054,Staunton,VA,427,Charlottesville,VA
24468,49025,Hot Springs,VA,427,Charlottesville,VA
24469,49054,Staunton,VA,427,Charlottesville,VA
24471,49023,Harrisonburg,VA,427,Charlottesville,VA
24472,49054,Staunton,VA,427,Charlottesville,VA
24473,49029,Lexington,VA,432,Roanoke,VA
24474,49030,Low Moor,VA,432,Roanoke,VA
24476,49054,Staunton,VA,427,Charlottesville,VA
24477,49054,Staunton,VA,427,Charlottesville,VA
24479,49054,Staunton,VA,427,Charlottesville,VA
24482,49054,Staunton,VA,427,Charlottesville,VA
24483,49054,Staunton,VA,427,Charlottesville,VA
24484,49025,Hot Springs,VA,427,Charlottesville,VA
24485,49054,Staunton,VA,427,Charlottesville,VA
24486,49023,Harrisonburg,VA,427,Charlottesville,VA
24487,49054,Staunton,VA,427,Charlottesville,VA
24501,49032,Lynchburg,VA,428,Lynchburg,VA
24502,49032,Lynchburg,VA,428,Lynchburg,VA
24503,49032,Lynchburg,VA,428,Lynchburg,VA
24504,49032,Lynchburg,VA,428,Lynchburg,VA
24505,49032,Lynchburg,VA,428,Lynchburg,VA
24506,49032,Lynchburg,VA,428,Lynchburg,VA
24513,49032,Lynchburg,VA,428,Lynchburg,VA
24514,49032,Lynchburg,VA,428,Lynchburg,VA
24515,49032,Lynchburg,VA,428,Lynchburg,VA
24517,49032,Lynchburg,VA,428,Lynchburg,VA
24520,49052,South Boston,VA,312,Durham,NC
24521,49032,Lynchburg,VA,428,Lynchburg,VA
24522,49032,Lynchburg,VA,428,Lynchburg,VA
24523,49004,Bedford,VA,428,Lynchburg,VA
24526,49032,Lynchburg,VA,428,Lynchburg,VA
24527,49011,Danville,VA,312,Durham,NC
24528,49032,Lynchburg,VA,428,Lynchburg,VA
24529,49052,South Boston,VA,312,Durham,NC
24530,49011,Danville,VA,312,Durham,NC
24531,49011,Danville,VA,312,Durham,NC
24533,49032,Lynchburg,VA,428,Lynchburg,VA
24534,49052,South Boston,VA,312,Durham,NC
24535,49052,South Boston,VA,312,Durham,NC
24536,49032,Lynchburg,VA,428,Lynchburg,VA
24538,49032,Lynchburg,VA,428,Lynchburg,VA
24539,49052,South Boston,VA,312,Durham,NC
24540,49011,Danville,VA,312,Durham,NC
24541,49011,Danville,VA,312,Durham,NC
24543,49011,Danville,VA,312,Durham,NC
24549,49011,Danville,VA,312,Durham,NC
24550,49032,Lynchburg,VA,428,Lynchburg,VA
24551,49032,Lynchburg,VA,428,Lynchburg,VA
24553,49032,Lynchburg,VA,428,Lynchburg,VA
24554,49032,Lynchburg,VA,428,Lynchburg,VA
24555,49029,Lexington,VA,432,Roanoke,VA
24556,49032,Lynchburg,VA,428,Lynchburg,VA
24557,49032,Lynchburg,VA,428,Lynchburg,VA
24558,49052,South Boston,VA,312,Durham,NC
24562,49007,Charlottesville,VA,427,Charlottesville,VA
24563,49032,Lynchburg,VA,428,Lynchburg,VA
24565,49011,Danville,VA,312,Durham,NC
24566,49011,Danville,VA,312,Durham,NC
24569,49032,Lynchburg,VA,428,Lynchburg,VA
24570,49004,Bedford,VA,428,Lynchburg,VA
24571,49032,Lynchburg,VA,428,Lynchburg,VA
24572,49032,Lynchburg,VA,428,Lynchburg,VA
24574,49032,Lynchburg,VA,428,Lynchburg,VA
24576,49032,Lynchburg,VA,428,Lynchburg,VA
24577,49052,South Boston,VA,312,Durham,NC
24578,49029,Lexington,VA,432,Roanoke,VA
24579,49029,Lexington,VA,432,Roanoke,VA
24580,49052,South Boston,VA,312,Durham,NC
24581,49007,Charlottesville,VA,427,Charlottesville,VA
24586,49011,Danville,VA,312,Durham,NC
24588,49032,Lynchburg,VA,428,Lynchburg,VA
24589,49052,South Boston,VA,312,Durham,NC
24590,49007,Charlottesville,VA,427,Charlottesville,VA
24592,49052,South Boston,VA,312,Durham,NC
24593,49032,Lynchburg,VA,428,Lynchburg,VA
24594,49011,Danville,VA,312,Durham,NC
24595,49032,Lynchburg,VA,428,Lynchburg,VA
24597,49052,South Boston,VA,312,Durham,NC
24598,49052,South Boston,VA,312,Durham,NC
24599,49007,Charlottesville,VA,427,Charlottesville,VA
24601,49047,Richlands,VA,376,Kingsport,TN
24602,49047,Richlands,VA,376,Kingsport,TN
24603,49021,Grundy,VA,376,Kingsport,TN
24607,49021,Grundy,VA,376,Kingsport,TN
24608,49058,Tazewell,VA,432,Roanoke,VA
24609,49047,Richlands,VA,376,Kingsport,TN
24612,49047,Richlands,VA,376,Kingsport,TN
24614,49021,Grundy,VA,376,Kingsport,TN
24619,49047,Richlands,VA,376,Kingsport,TN
24620,49021,Grundy,VA,376,Kingsport,TN
24622,49047,Richlands,VA,376,Kingsport,TN
24624,49047,Richlands,VA,376,Kingsport,TN
24627,49021,Grundy,VA,376,Kingsport,TN
24628,49021,Grundy,VA,376,Kingsport,TN
24630,49058,Tazewell,VA,432,Roanoke,VA
24631,49047,Richlands,VA,376,Kingsport,TN
24634,49021,Grundy,VA,376,Kingsport,TN
24637,49047,Richlands,VA,376,Kingsport,TN
24639,49047,Richlands,VA,376,Kingsport,TN
24640,49047,Richlands,VA,376,Kingsport,TN
24641,49047,Richlands,VA,376,Kingsport,TN
24646,49047,Richlands,VA,376,Kingsport,TN
24647,49047,Richlands,VA,376,Kingsport,TN
24649,49047,Richlands,VA,376,Kingsport,TN
24651,49058,Tazewell,VA,432,Roanoke,VA
24656,49021,Grundy,VA,376,Kingsport,TN
24657,49047,Richlands,VA,376,Kingsport,TN
24658,49021,Grundy,VA,376,Kingsport,TN
24817,49021,Grundy,VA,376,Kingsport,TN
24826,49021,Grundy,VA,376,Kingsport,TN
24850,49021,Grundy,VA,376,Kingsport,TN
24873,49021,Grundy,VA,376,Kingsport,TN
24963,49040,Pearisburg,VA,432,Roanoke,VA
25413,49063,Winchester,VA,435,Winchester,VA
25440,49063,Winchester,VA,435,Winchester,VA
25444,49063,Winchester,VA,435,Winchester,VA
26704,49063,Winchester,VA,435,Winchester,VA
26711,49063,Winchester,VA,435,Winchester,VA
26714,49063,Winchester,VA,435,Winchester,VA
26755,49063,Winchester,VA,435,Winchester,VA
26801,49063,Winchester,VA,435,Winchester,VA
26802,49023,Harrisonburg,VA,427,Charlottesville,VA
26807,49023,Harrisonburg,VA,427,Charlottesville,VA
26808,49063,Winchester,VA,435,Winchester,VA
26810,49063,Winchester,VA,435,Winchester,VA
26812,49023,Harrisonburg,VA,427,Charlottesville,VA
26815,49023,Harrisonburg,VA,427,Charlottesville,VA
26817,49063,Winchester,VA,435,Winchester,VA
26823,49063,Winchester,VA,435,Winchester,VA
26838,49023,Harrisonburg,VA,427,Charlottesville,VA
26851,49063,Winchester,VA,435,Winchester,VA
26865,49063,Winchester,VA,435,Winchester,VA
26886,49023,Harrisonburg,VA,427,Charlottesville,VA
27212,49011,Danville,VA,312,Durham,NC
27305,49011,Danville,VA,312,Durham,NC
27311,49011,Danville,VA,312,Durham,NC
27315,49011,Danville,VA,312,Durham,NC
27379,49011,Danville,VA,312,Durham,NC
27926,49056,Suffolk,VA,430,Norfolk,VA
27937,49056,Suffolk,VA,430,Norfolk,VA
27950,49059,Virginia Beach,VA,430,Norfolk,VA
27956,49008,Chesapeake,VA,430,Norfolk,VA
27958,49008,Chesapeake,VA,430,Norfolk,VA
27979,49056,Suffolk,VA,430,Norfolk,VA
40843,49005,Big Stone Gap,VA,376,Kingsport,TN
41566,49021,Grundy,VA,376,Kingsport,TN
